product_category,revenue,profit,margin
Software,18018339.419999998,4790036.66,0.2627369294605809
Industrial,17889431.02,4756073.5,0.26217368421052634
Services,17279619.97,4753223.01,0.2674271966527197
Hardware,16348563.36,4092930.99,0.25362575107296137
