region_name,revenue,profit,margin
East,31354497.45,8432035.42,0.26552097902097904
West,16064202.17,4276014.98,0.26590641025641026
South,13392731.79,3534765.19,0.25617403314917125
North,8724522.36,2149448.57,0.24645086206896552
